{
  "base_home_lambda": 1.5900621118012421,
  "base_away_lambda": 1.0683229813664596
}