{
  "base_home_lambda": 1.6047850562947799,
  "base_away_lambda": 1.118474923234391
}