{
  "base_home_lambda": 1.5900621118012421,
  "base_away_lambda": 1.0683229813664596,
  "home_advantage_factor": 1.15,
  "mean_attack": 1.4589026915113872,
  "mean_defense": 1.1879399585921324
}