{
  "base_home_lambda": 1.671673784628475,
  "base_away_lambda": 1.281265851782763,
  "home_advantage_factor": 1.2682453148201382,
  "mean_attack": 1.4669325675388212,
  "mean_defense": 1.4843380295518138
}