{
  "accuracy": 0.6029850746268657,
  "log_loss": 0.8723004174421931,
  "brier_score": 0.5128014122805759,
  "class_mapping": {
    "A": 0,
    "D": 1,
    "H": 2
  },
  "test_rows": 2345
}