{
  "accuracy": 0.44,
  "log_loss": 1.2003967014428323,
  "brier_score": 0.7256620772473369,
  "class_mapping": {
    "A": 0,
    "D": 1,
    "H": 2
  },
  "test_rows": 25
}