{
  "accuracy": 0.36,
  "log_loss": 2.290389745128849,
  "brier_score": 0.7658706564402334,
  "class_mapping": {
    "A": 0,
    "D": 1,
    "H": 2
  },
  "test_rows": 25
}