{
  "accuracy": 0.52,
  "log_loss": 1.0332405749599658,
  "brier_score": 0.6223562318442432,
  "class_mapping": {
    "A": 0,
    "D": 1,
    "H": 2
  },
  "test_rows": 25
}