{
  "accuracy": 0.44,
  "log_loss": 1.0530553988689768,
  "brier_score": 0.6399026788472496,
  "class_mapping": {
    "A": 0,
    "D": 1,
    "H": 2
  },
  "test_rows": 25
}